{
  "config": {
    "model": "yolov8s.pt",
    "tracker": "bytetrack.yaml",
    "conf": 0.3,
    "imgsz": 640,
    "device": "cuda:0",
    "fp16": true
  },
  "frames_processed": 300,
  "elapsed_seconds": 22.71,
  "fps": {
    "average": 13.21,
    "average_note": "Includes warmup frame(s) \u2014 see inference_time_ms.steady_state for the fairer figure."
  },
  "inference_time_ms": {
    "warmup_frames_excluded": 3,
    "first_frame_ms": 3398.63,
    "first_frame_note": "First-call PyTorch/CUDA init cost \u2014 expected to be much larger than steady-state; excluded from averages below.",
    "steady_state_average": 60.82,
    "steady_state_p95": 71.91,
    "steady_state_min": 45.59,
    "steady_state_max": 75.84,
    "steady_state_fps_equivalent": 16.44,
    "all_frames_average_including_warmup": 71.95
  },
  "cpu_usage_percent": {
    "process_avg": 102.86,
    "process_max": 187.5,
    "system_avg": 13.49,
    "num_logical_cores": 12,
    "note": "process_avg can exceed 100% on a multi-core machine (e.g. 250% = 2.5 cores fully used) \u2014 this is normal psutil behavior, not a bug."
  },
  "memory_usage_mb": {
    "average": 1190.38,
    "peak": 1270.17,
    "start": 548.54,
    "end": 1172.17
  },
  "tracking_accuracy_proxies": {
    "unique_track_ids": 18,
    "avg_track_length_frames": 50.06,
    "id_switch_events": 57,
    "id_switch_rate_per_100_frames": 19.0,
    "note": "Ground-truth-free proxies, NOT MOTA/IDF1 \u2014 see module docstring."
  },
  "raw_samples": {
    "inference_time_ms": [
      3398.6282348632812,
      60.55045127868652,
      63.20548057556152,
      57.72137641906738,
      70.648193359375,
      65.27018547058105,
      64.03851509094238,
      50.10342597961426,
      66.41697883605957,
      56.08510971069336,
      56.95295333862305,
      61.12360954284668,
      66.72406196594238,
      51.46026611328125,
      74.5694637298584,
      53.91335487365723,
      60.74976921081543,
      64.15939331054688,
      65.25111198425293,
      61.51700019836426,
      62.73221969604492,
      62.99328804016113,
      62.55316734313965,
      62.54124641418457,
      62.00122833251953,
      62.513113021850586,
      58.06255340576172,
      67.30222702026367,
      46.776533126831055,
      63.784122467041016,
      49.50523376464844,
      50.9035587310791,
      52.93607711791992,
      53.10463905334473,
      61.55800819396973,
      63.46464157104492,
      50.03666877746582,
      49.6068000793457,
      51.41949653625488,
      63.39383125305176,
      62.6678466796875,
      63.089609146118164,
      62.54100799560547,
      60.53304672241211,
      61.1574649810791,
      60.95147132873535,
      58.90250205993652,
      61.14649772644043,
      53.436994552612305,
      54.95142936706543,
      60.51826477050781,
      63.086748123168945,
      50.01568794250488,
      49.99136924743652,
      52.159786224365234,
      52.384138107299805,
      61.86532974243164,
      60.016632080078125,
      60.77218055725098,
      47.32251167297363,
      49.48735237121582,
      74.86200332641602,
      55.38773536682129,
      65.26517868041992,
      63.431501388549805,
      67.11864471435547,
      61.557769775390625,
      55.24873733520508,
      69.75173950195312,
      61.42282485961914,
      49.2701530456543,
      49.61848258972168,
      66.53690338134766,
      71.99621200561523,
      58.41994285583496,
      60.920000076293945,
      64.19968605041504,
      48.01750183105469,
      75.84071159362793,
      52.870988845825195,
      63.53425979614258,
      73.73976707458496,
      47.01399803161621,
      61.93900108337402,
      51.97000503540039,
      66.66946411132812,
      66.19763374328613,
      66.82848930358887,
      66.34116172790527,
      49.31449890136719,
      55.098533630371094,
      60.56332588195801,
      59.183597564697266,
      66.60962104797363,
      70.03259658813477,
      57.05523490905762,
      59.29708480834961,
      61.1724853515625,
      50.675392150878906,
      52.90985107421875,
      75.25157928466797,
      56.33282661437988,
      57.27744102478027,
      64.7425651550293,
      59.404611587524414,
      64.11123275756836,
      63.605308532714844,
      62.72077560424805,
      49.941301345825195,
      61.03038787841797,
      54.69846725463867,
      63.167572021484375,
      60.58812141418457,
      63.77077102661133,
      61.04135513305664,
      62.463998794555664,
      51.763296127319336,
      69.28372383117676,
      65.04106521606445,
      63.513755798339844,
      61.60688400268555,
      63.85326385498047,
      61.600446701049805,
      62.95037269592285,
      64.07713890075684,
      50.37236213684082,
      47.85728454589844,
      50.23837089538574,
      74.07498359680176,
      61.51866912841797,
      47.83821105957031,
      50.13775825500488,
      66.62106513977051,
      67.66891479492188,
      62.935829162597656,
      60.25338172912598,
      69.13375854492188,
      61.310768127441406,
      62.11566925048828,
      54.583072662353516,
      69.13900375366211,
      54.95953559875488,
      64.20040130615234,
      72.16215133666992,
      47.969818115234375,
      49.92055892944336,
      53.173065185546875,
      65.21177291870117,
      72.76082038879395,
      58.35461616516113,
      66.76101684570312,
      60.892343521118164,
      50.09627342224121,
      55.90534210205078,
      60.5623722076416,
      69.92816925048828,
      58.99548530578613,
      63.48419189453125,
      63.93599510192871,
      65.52624702453613,
      63.10415267944336,
      58.815717697143555,
      66.69807434082031,
      62.296152114868164,
      56.587934494018555,
      71.90990447998047,
      52.43062973022461,
      74.21731948852539,
      57.29413032531738,
      66.61677360534668,
      66.90764427185059,
      68.13263893127441,
      46.04005813598633,
      60.70733070373535,
      56.467533111572266,
      64.2235279083252,
      56.89597129821777,
      66.65754318237305,
      65.60182571411133,
      64.29123878479004,
      63.46583366394043,
      58.32695960998535,
      49.87049102783203,
      73.18329811096191,
      57.14559555053711,
      71.37489318847656,
      60.02974510192871,
      60.98127365112305,
      63.207387924194336,
      65.74320793151855,
      63.4160041809082,
      56.16331100463867,
      66.6356086730957,
      66.60771369934082,
      66.80798530578613,
      66.62917137145996,
      49.93271827697754,
      75.8371353149414,
      57.54542350769043,
      57.801246643066406,
      66.74504280090332,
      66.54739379882812,
      65.42086601257324,
      45.59493064880371,
      63.228607177734375,
      58.33911895751953,
      71.15483283996582,
      58.77685546875,
      66.69259071350098,
      66.79248809814453,
      66.43033027648926,
      45.61209678649902,
      64.56232070922852,
      48.681020736694336,
      69.72694396972656,
      63.85946273803711,
      67.17324256896973,
      49.306631088256836,
      49.343109130859375,
      74.78642463684082,
      53.255558013916016,
      70.38164138793945,
      64.93639945983887,
      62.26038932800293,
      51.367759704589844,
      66.70379638671875,
      66.60175323486328,
      66.93696975708008,
      66.51592254638672,
      66.71643257141113,
      52.132368087768555,
      64.45074081420898,
      66.70951843261719,
      70.57571411132812,
      61.63382530212402,
      60.15205383300781,
      62.50596046447754,
      49.97515678405762,
      51.06830596923828,
      73.97627830505371,
      55.95755577087402,
      66.91408157348633,
      49.747467041015625,
      50.23336410522461,
      66.59150123596191,
      66.74551963806152,
